bolge,esik,olasilik,beklenen,q025,q975
Marmara,M>=3.5,0.1506,0.245,0,2
Marmara,M>=4.0,0.0612,0.084,0,1
Marmara,M>=5.0,0.006,0.006,0,0
Marmara,M>=6.0,0.0008,0.001,0,0
Kuzey Ege - Çanakkale,M>=3.5,0.134,0.215,0,2
Kuzey Ege - Çanakkale,M>=4.0,0.0558,0.075,0,1
Kuzey Ege - Çanakkale,M>=5.0,0.0052,0.006,0,0
Kuzey Ege - Çanakkale,M>=6.0,0.0004,0.0,0,0
Batı Anadolu (Ege grabenleri),M>=3.5,0.5484,1.194,0,6
Batı Anadolu (Ege grabenleri),M>=4.0,0.2588,0.407,0,3
Batı Anadolu (Ege grabenleri),M>=5.0,0.035,0.039,0,1
Batı Anadolu (Ege grabenleri),M>=6.0,0.0048,0.005,0,0
Güneybatı Ege (Bodrum-Datça),M>=3.5,0.3898,0.735,0,4
Güneybatı Ege (Bodrum-Datça),M>=4.0,0.1736,0.249,0,2
Güneybatı Ege (Bodrum-Datça),M>=5.0,0.0212,0.024,0,0
Güneybatı Ege (Bodrum-Datça),M>=6.0,0.003,0.003,0,0
Doğu Anadolu Fay Zonu,M>=3.5,0.8372,3.236,0,13
Doğu Anadolu Fay Zonu,M>=4.0,0.5212,1.106,0,5
Doğu Anadolu Fay Zonu,M>=5.0,0.0808,0.097,0,1
Doğu Anadolu Fay Zonu,M>=6.0,0.0096,0.011,0,0
Kuzey Anadolu Fay Zonu (orta-doğu),M>=3.5,0.3278,0.697,0,4
Kuzey Anadolu Fay Zonu (orta-doğu),M>=4.0,0.1424,0.241,0,2
Kuzey Anadolu Fay Zonu (orta-doğu),M>=5.0,0.0198,0.025,0,0
Kuzey Anadolu Fay Zonu (orta-doğu),M>=6.0,0.0022,0.002,0,0
Van - Doğu sınırı,M>=3.5,0.204,0.342,0,2
Van - Doğu sınırı,M>=4.0,0.0858,0.117,0,1
Van - Doğu sınırı,M>=5.0,0.0094,0.01,0,0
Van - Doğu sınırı,M>=6.0,0.0008,0.001,0,0
Doğu Akdeniz - Kıbrıs,M>=3.5,0.1336,0.195,0,2
Doğu Akdeniz - Kıbrıs,M>=4.0,0.05,0.063,0,1
Doğu Akdeniz - Kıbrıs,M>=5.0,0.005,0.006,0,0
Doğu Akdeniz - Kıbrıs,M>=6.0,0.0006,0.001,0,0
Tüm çalışma alanı,M>=3.5,0.9978,9.985,2,29
Tüm çalışma alanı,M>=4.0,0.9062,3.407,0,11
Tüm çalışma alanı,M>=5.0,0.2394,0.312,0,2
Tüm çalışma alanı,M>=6.0,0.028,0.03,0,1
