N,senaryo
0,11
1,53
2,129
3,275
4,368
5,426
6,458
7,512
8,463
9,388
10,334
11,234
12,234
13,190
14,150
15,125
16,81
17,80
18,67
19,63
20,44
21,43
22,28
23,30
24,15
25,25
26,9
27,13
28,12
29,15
30,6
31,14
32,7
33,4
34,7
35,4
36,11
37,9
38,1
39,7
40,3
41,4
42,0
43,2
44,4
45,2
46,2
47,1
48,0
49,1
50,2
51,1
52,3
53,3
54,1
55,0
56,0
57,0
58,0
59,2
60,0
61,0
62,0
63,0
64,1
65,0
66,0
67,1
68,1
69,2
70,0
71,2
72,0
73,0
74,2
75,1
76,0
77,0
78,0
79,0
80,2
81,0
82,0
83,0
84,1
85,2
86,0
87,0
88,1
89,0
90,1
91,0
92,0
93,0
94,1
95,0
96,0
97,0
98,0
99,0
100,0
101,0
102,0
103,0
104,0
105,0
106,0
107,0
108,0
109,0
110,1
111,0
112,0
113,1
114,0
115,0
116,1
117,0
118,1
119,0
120,0
121,0
122,0
123,0
124,0
125,0
126,1
127,0
128,0
129,0
130,0
131,0
132,0
133,0
134,0
135,0
136,0
137,0
138,0
139,0
140,0
141,0
142,0
143,0
144,0
145,0
146,0
147,0
148,0
149,0
150,0
151,0
152,0
153,0
154,0
155,0
156,0
157,0
158,0
159,0
160,0
161,0
162,0
163,0
164,0
165,0
166,0
167,0
168,0
169,0
170,0
171,0
172,0
173,0
174,0
175,0
176,0
177,0
178,0
179,0
180,0
181,0
182,1
